<?xml version="1.0" encoding="UTF-8"?>
<configuration>
    <!-- Console appender for logging to stdout -->
    <appender name="CONSOLE" class="ch.qos.logback.core.ConsoleAppender">
        <encoder>
            <pattern>%d{HH:mm:ss.SSS} [%thread] %-5level %logger{36} - %msg%n</pattern>
        </encoder>
    </appender>

    <!-- File appender for logging to file -->
    <appender name="FILE" class="ch.qos.logback.core.FileAppender">
        <file>crawler.log</file>
        <encoder>
            <pattern>%d{yyyy-MM-dd HH:mm:ss.SSS} [%thread] %-5level %logger{36} - %msg%n</pattern>
        </encoder>
    </appender>

    <!-- Root logger configuration -->
    <root level="INFO">
        <appender-ref ref="CONSOLE" />
        <appender-ref ref="FILE" />
    </root>

    <!-- Set specific logger levels if needed -->
    <logger name="com.webcrawler" level="INFO" />
</configuration>
